{
  "K": 0.10132118364233778,
  "PHI": 1.618033988749895,
  "FIB": [
    1,
    2,
    3,
    5,
    8,
    13,
    21,
    34,
    55,
    89
  ],
  "W": [
    1.0,
    0.8165702214372413,
    0.6667869265380654,
    0.5444783482546457,
    0.4446048054020795,
    0.36305104439923763,
    0.29645667171810725,
    0.2420776900714024,
    0.19767343298662093,
    0.16141423894614476
  ],
  "source": "core.py",
  "note": "Synchronize with docs/BRAIN_CONTRACT.md and Rust constants."
}